chip_id,location,datetime,cloudpath
aeig,Chifunfu,2020-04-29T08:20:47Z,az://./train_features/aeig
aetz,Chifunfu,2020-04-29T08:20:47Z,az://./train_features/aetz
aeue,Chifunfu,2020-04-29T08:20:47Z,az://./train_features/aeue
aevh,Chifunfu,2020-04-29T08:20:47Z,az://./train_features/aevh
afgi,Chifunfu,2020-04-29T08:20:47Z,az://./train_features/afgi
afor,Chifunfu,2020-04-29T08:20:47Z,az://./train_features/afor
agiw,Chifunfu,2020-04-29T08:20:47Z,az://./train_features/agiw
agja,Chifunfu,2020-04-29T08:20:47Z,az://./train_features/agja
agjn,Chifunfu,2020-04-29T08:20:47Z,az://./train_features/agjn
agsp,Chifunfu,2020-04-29T08:20:47Z,az://./train_features/agsp
agtu,Chifunfu,2020-04-29T08:20:47Z,az://./train_features/agtu
agvj,Chifunfu,2020-04-29T08:20:47Z,az://./train_features/agvj
agyv,Chifunfu,2020-04-29T08:20:47Z,az://./train_features/agyv
aisz,Chifunfu,2020-04-29T08:20:47Z,az://./train_features/aisz
aixr,Chifunfu,2020-04-29T08:20:47Z,az://./train_features/aixr
ajbx,Chifunfu,2020-04-29T08:20:47Z,az://./train_features/ajbx
ajlv,Chifunfu,2020-04-29T08:20:47Z,az://./train_features/ajlv
ajvr,Addis Ababa,2020-09-10T07:57:42Z,az://./train_features/ajvr
alpj,Addis Ababa,2020-09-10T07:57:42Z,az://./train_features/alpj
alxc,Addis Ababa,2020-09-10T07:57:42Z,az://./train_features/alxc
alzi,Addis Ababa,2020-09-10T07:57:42Z,az://./train_features/alzi
anka,Addis Ababa,2020-09-10T07:57:42Z,az://./train_features/anka
antt,Bahir Dar,2020-09-08T08:06:56Z,az://./train_features/antt
aoas,Bahir Dar,2020-09-08T08:06:56Z,az://./train_features/aoas
aolc,Bahir Dar,2020-09-08T08:06:56Z,az://./train_features/aolc
aons,Bahir Dar,2020-09-08T08:06:56Z,az://./train_features/aons
aool,Bahir Dar,2020-09-08T08:06:56Z,az://./train_features/aool
aopg,Bahir Dar,2020-09-08T08:06:56Z,az://./train_features/aopg
aoqh,Bahir Dar,2020-09-08T08:06:56Z,az://./train_features/aoqh
apag,Bahir Dar,2020-09-08T08:06:56Z,az://./train_features/apag
apkk,Bahir Dar,2020-09-08T08:06:56Z,az://./train_features/apkk
apmr,Bahir Dar,2020-09-08T08:06:56Z,az://./train_features/apmr
aqfi,Bahir Dar,2020-09-08T08:06:56Z,az://./train_features/aqfi
argi,Bahir Dar,2020-09-08T08:06:56Z,az://./train_features/argi
armm,Bahir Dar,2020-09-08T08:06:56Z,az://./train_features/armm
aswc,Chingola,2020-07-26T08:33:40Z,az://./train_features/aswc
asxc,Chingola,2020-07-26T08:33:40Z,az://./train_features/asxc
asxv,Chingola,2020-07-26T08:33:40Z,az://./train_features/asxv
atfw,Chingola,2020-07-26T08:33:40Z,az://./train_features/atfw
atmq,Chingola,2020-07-26T08:33:40Z,az://./train_features/atmq
atrw,Chingola,2020-07-26T08:33:40Z,az://./train_features/atrw
atyh,Chingola,2020-07-26T08:33:40Z,az://./train_features/atyh
aupw,Chingola,2020-07-26T08:33:40Z,az://./train_features/aupw
autr,Chingola,2020-07-26T08:33:40Z,az://./train_features/autr
auvt,Chingola,2020-07-26T08:33:40Z,az://./train_features/auvt
auxp,Chingola,2020-07-26T08:33:40Z,az://./train_features/auxp
auza,Chingola,2020-07-26T08:33:40Z,az://./train_features/auza
avez,Chingola,2020-07-26T08:33:40Z,az://./train_features/avez
bgfo,Paijan,2020-09-08T15:45:25Z,az://./train_features/bgfo
bgfr,Paijan,2020-09-08T15:45:25Z,az://./train_features/bgfr
bghy,Paijan,2020-09-08T15:45:25Z,az://./train_features/bghy
bgje,Paijan,2020-09-08T15:45:25Z,az://./train_features/bgje
bgso,Paijan,2020-09-08T15:45:25Z,az://./train_features/bgso
bgxk,Paijan,2020-09-08T15:45:25Z,az://./train_features/bgxk
bhjk,Paijan,2020-09-08T15:45:25Z,az://./train_features/bhjk
bhlt,Paijan,2020-09-08T15:45:25Z,az://./train_features/bhlt
bifi,Paijan,2020-09-08T15:45:25Z,az://./train_features/bifi
bivr,Paijan,2020-09-08T15:45:25Z,az://./train_features/bivr
bjeo,Paijan,2020-09-08T15:45:25Z,az://./train_features/bjeo
bjtz,Paijan,2020-09-08T15:45:25Z,az://./train_features/bjtz
bjxq,Paijan,2020-09-08T15:45:25Z,az://./train_features/bjxq
bjyd,Paijan,2020-09-08T15:45:25Z,az://./train_features/bjyd
bkgm,Paijan,2020-09-08T15:45:25Z,az://./train_features/bkgm
bkmf,Paijan,2020-09-08T15:45:25Z,az://./train_features/bkmf
bkno,Paijan,2020-09-08T15:45:25Z,az://./train_features/bkno
bkuu,Paijan,2020-09-08T15:45:25Z,az://./train_features/bkuu
bkyi,Paijan,2020-09-08T15:45:25Z,az://./train_features/bkyi
brng,Chibemba,2020-04-07T09:24:59Z,az://./train_features/brng
brnl,Chibemba,2020-04-07T09:24:59Z,az://./train_features/brnl
brpz,Chibemba,2020-04-07T09:24:59Z,az://./train_features/brpz
bruv,Chibemba,2020-04-07T09:24:59Z,az://./train_features/bruv
brvx,Chibemba,2020-04-07T09:24:59Z,az://./train_features/brvx
bryy,Chibemba,2020-04-07T09:24:59Z,az://./train_features/bryy
bsak,Chibemba,2020-04-07T09:24:59Z,az://./train_features/bsak
bsar,Chibemba,2020-04-07T09:24:59Z,az://./train_features/bsar
bsci,Chibemba,2020-04-07T09:24:59Z,az://./train_features/bsci
bssk,Chibemba,2020-04-07T09:24:59Z,az://./train_features/bssk
bsuo,Chibemba,2020-04-07T09:24:59Z,az://./train_features/bsuo
btbr,Chibemba,2020-04-07T09:24:59Z,az://./train_features/btbr
btge,Chibemba,2020-04-07T09:24:59Z,az://./train_features/btge
btjz,Chibemba,2020-04-07T09:24:59Z,az://./train_features/btjz
btna,Chibemba,2020-04-07T09:24:59Z,az://./train_features/btna
btxy,Chibemba,2020-04-07T09:24:59Z,az://./train_features/btxy
bufj,Chibemba,2020-04-07T09:24:59Z,az://./train_features/bufj
bukk,Chibemba,2020-04-07T09:24:59Z,az://./train_features/bukk
buqh,Chibemba,2020-04-07T09:24:59Z,az://./train_features/buqh
burx,Chibemba,2020-04-07T09:24:59Z,az://./train_features/burx
bvfg,Adelaide,2020-09-11T00:56:48Z,az://./train_features/bvfg
bvko,Adelaide,2020-09-11T00:56:48Z,az://./train_features/bvko
bvne,Adelaide,2020-09-11T00:56:48Z,az://./train_features/bvne
bwio,Adelaide,2020-09-11T00:56:48Z,az://./train_features/bwio
bwlz,Adelaide,2020-09-11T00:56:48Z,az://./train_features/bwlz
bwou,Adelaide,2020-09-11T00:56:48Z,az://./train_features/bwou
bwya,Adelaide,2020-09-11T00:56:48Z,az://./train_features/bwya
bxgo,Adelaide,2020-09-11T00:56:48Z,az://./train_features/bxgo
bxkg,Adelaide,2020-09-11T00:56:48Z,az://./train_features/bxkg
bxog,Adelaide,2020-09-11T00:56:48Z,az://./train_features/bxog
bxtw,Adelaide,2020-09-11T00:56:48Z,az://./train_features/bxtw
bxvp,Adelaide,2020-09-11T00:56:48Z,az://./train_features/bxvp
byat,Adelaide,2020-09-11T00:56:48Z,az://./train_features/byat
byho,Adelaide,2020-09-11T00:56:48Z,az://./train_features/byho
bzmo,Para,2020-09-10T13:53:38Z,az://./train_features/bzmo
bzqc,Para,2020-09-10T13:53:38Z,az://./train_features/bzqc
caus,Para,2020-09-10T13:53:38Z,az://./train_features/caus
cbbs,Para,2020-09-10T13:53:38Z,az://./train_features/cbbs
cbjt,Para,2020-09-10T13:53:38Z,az://./train_features/cbjt
cbyx,Para,2020-09-10T13:53:38Z,az://./train_features/cbyx
cbzz,Para,2020-09-10T13:53:38Z,az://./train_features/cbzz
cciz,Para,2020-09-10T13:53:38Z,az://./train_features/cciz
ccri,Para,2020-09-10T13:53:38Z,az://./train_features/ccri
ccxe,Para,2020-09-10T13:53:38Z,az://./train_features/ccxe
cdmi,Para,2020-09-10T13:53:38Z,az://./train_features/cdmi
cefk,Para,2020-09-10T13:53:38Z,az://./train_features/cefk
ciji,Bechar,2019-11-12T11:02:20Z,az://./train_features/ciji
cive,Bechar,2019-11-12T11:02:20Z,az://./train_features/cive
cjff,Bechar,2019-11-12T11:02:20Z,az://./train_features/cjff
cjgr,Bechar,2019-11-12T11:02:20Z,az://./train_features/cjgr
cjht,Bechar,2019-11-12T11:02:20Z,az://./train_features/cjht
cjkt,Bechar,2019-11-12T11:02:20Z,az://./train_features/cjkt
cjoj,Bechar,2019-11-12T11:02:20Z,az://./train_features/cjoj
ckhd,Bechar,2019-11-12T11:02:20Z,az://./train_features/ckhd
clgy,Bechar,2019-11-12T11:02:20Z,az://./train_features/clgy
cloy,Bechar,2019-11-12T11:02:20Z,az://./train_features/cloy
clpq,Bechar,2019-11-12T11:02:20Z,az://./train_features/clpq
cmbs,Bechar,2019-11-12T11:02:20Z,az://./train_features/cmbs
cmhc,Bechar,2019-11-12T11:02:20Z,az://./train_features/cmhc
cmhm,Bechar,2019-11-12T11:02:20Z,az://./train_features/cmhm
cmnv,Bechar,2019-11-12T11:02:20Z,az://./train_features/cmnv
cmok,Bechar,2019-11-12T11:02:20Z,az://./train_features/cmok
cmue,Alto Hama,2020-04-02T09:23:54Z,az://./train_features/cmue
cnfd,Chingola,2020-05-07T08:33:36Z,az://./train_features/cnfd
cngf,Chingola,2020-05-07T08:33:36Z,az://./train_features/cngf
coip,Chingola,2020-05-07T08:33:36Z,az://./train_features/coip
covk,Chingola,2020-05-07T08:33:36Z,az://./train_features/covk
cpur,Chingola,2020-05-07T08:33:36Z,az://./train_features/cpur
cpwm,Chingola,2020-05-07T08:33:36Z,az://./train_features/cpwm
cpyx,Chingola,2020-05-07T08:33:36Z,az://./train_features/cpyx
cqmf,Chingola,2020-05-07T08:33:36Z,az://./train_features/cqmf
cqqr,Chingola,2020-05-07T08:33:36Z,az://./train_features/cqqr
cqro,Chingola,2020-05-07T08:33:36Z,az://./train_features/cqro
cqzg,Chingola,2020-05-07T08:33:36Z,az://./train_features/cqzg
crbg,Chingola,2020-05-07T08:33:36Z,az://./train_features/crbg
crit,Chingola,2020-05-07T08:33:36Z,az://./train_features/crit
cryj,Chifunfu,2020-04-24T08:20:39Z,az://./train_features/cryj
csga,Chifunfu,2020-04-24T08:20:39Z,az://./train_features/csga
csjm,Chifunfu,2020-04-24T08:20:39Z,az://./train_features/csjm
csxg,Chifunfu,2020-04-24T08:20:39Z,az://./train_features/csxg
ctmr,Chifunfu,2020-04-24T08:20:39Z,az://./train_features/ctmr
ctqf,Chifunfu,2020-04-24T08:20:39Z,az://./train_features/ctqf
ctvu,Chifunfu,2020-04-24T08:20:39Z,az://./train_features/ctvu
cudp,Chifunfu,2020-04-24T08:20:39Z,az://./train_features/cudp
cuky,Chifunfu,2020-04-24T08:20:39Z,az://./train_features/cuky
cvlc,Chifunfu,2020-04-24T08:20:39Z,az://./train_features/cvlc
cwbg,Chifunfu,2020-04-24T08:20:39Z,az://./train_features/cwbg
cweo,Chifunfu,2020-04-24T08:20:39Z,az://./train_features/cweo
cwgp,Chifunfu,2020-04-24T08:20:39Z,az://./train_features/cwgp
cwha,Chifunfu,2020-04-24T08:20:39Z,az://./train_features/cwha
dbgp,Matadi,2020-08-08T09:32:23Z,az://./train_features/dbgp
dbmi,Matadi,2020-08-08T09:32:23Z,az://./train_features/dbmi
dcbp,Matadi,2020-08-08T09:32:23Z,az://./train_features/dcbp
dcuw,Matadi,2020-08-08T09:32:23Z,az://./train_features/dcuw
dcvf,Matadi,2020-08-08T09:32:23Z,az://./train_features/dcvf
dcyz,Matadi,2020-08-08T09:32:23Z,az://./train_features/dcyz
ddbo,Matadi,2020-08-08T09:32:23Z,az://./train_features/ddbo
defz,Matadi,2020-08-08T09:32:23Z,az://./train_features/defz
denk,Matadi,2020-08-08T09:32:23Z,az://./train_features/denk
dfay,Matadi,2020-08-08T09:32:23Z,az://./train_features/dfay
dfzx,Matadi,2020-08-08T09:32:23Z,az://./train_features/dfzx
dget,Timbuktu,2019-02-19T10:46:29Z,az://./train_features/dget
dgfg,Timbuktu,2019-02-19T10:46:29Z,az://./train_features/dgfg
dglt,Timbuktu,2019-02-19T10:46:29Z,az://./train_features/dglt
dhhu,Timbuktu,2019-02-19T10:46:29Z,az://./train_features/dhhu
dhlt,Timbuktu,2019-02-19T10:46:29Z,az://./train_features/dhlt
dipx,Timbuktu,2019-02-19T10:46:29Z,az://./train_features/dipx
diqx,Timbuktu,2019-02-19T10:46:29Z,az://./train_features/diqx
divr,Timbuktu,2019-02-19T10:46:29Z,az://./train_features/divr
dixo,Timbuktu,2019-02-19T10:46:29Z,az://./train_features/dixo
djkj,Timbuktu,2019-02-19T10:46:29Z,az://./train_features/djkj
djym,Timbuktu,2019-02-19T10:46:29Z,az://./train_features/djym
dkfs,Timbuktu,2019-02-19T10:46:29Z,az://./train_features/dkfs
dksz,Timbuktu,2019-02-19T10:46:29Z,az://./train_features/dksz
dlhd,Timbuktu,2019-02-19T10:46:29Z,az://./train_features/dlhd
dluh,Timbuktu,2019-02-19T10:46:29Z,az://./train_features/dluh
dnde,Eswatini,2020-09-10T08:07:48Z,az://./train_features/dnde
dniy,Eswatini,2020-09-10T08:07:48Z,az://./train_features/dniy
dpfr,Eswatini,2020-09-10T08:07:48Z,az://./train_features/dpfr
dpkb,Eswatini,2020-09-10T08:07:48Z,az://./train_features/dpkb
dpnf,Eswatini,2020-09-10T08:07:48Z,az://./train_features/dpnf
dpyo,Eswatini,2020-09-10T08:07:48Z,az://./train_features/dpyo
dqem,Eswatini,2020-09-10T08:07:48Z,az://./train_features/dqem
dtpn,Porto Velho,2020-09-12T14:35:14Z,az://./train_features/dtpn
dtxc,Porto Velho,2020-09-12T14:35:14Z,az://./train_features/dtxc
duow,Porto Velho,2020-09-12T14:35:14Z,az://./train_features/duow
durd,Porto Velho,2020-09-12T14:35:14Z,az://./train_features/durd
dusz,Porto Velho,2020-09-12T14:35:14Z,az://./train_features/dusz
dutw,Porto Velho,2020-09-12T14:35:14Z,az://./train_features/dutw
duud,Porto Velho,2020-09-12T14:35:14Z,az://./train_features/duud
dvcu,Porto Velho,2020-09-12T14:35:14Z,az://./train_features/dvcu
dwds,Porto Velho,2020-09-12T14:35:14Z,az://./train_features/dwds
dxfj,Porto Velho,2020-09-12T14:35:14Z,az://./train_features/dxfj
dxvq,Porto Velho,2020-09-12T14:35:14Z,az://./train_features/dxvq
dyci,Porto Velho,2020-09-12T14:35:14Z,az://./train_features/dyci
dzgm,Porto Velho,2020-09-12T14:35:14Z,az://./train_features/dzgm
ejpl,Jimma,2020-05-31T08:07:58Z,az://./train_features/ejpl
ejtt,Jimma,2020-05-31T08:07:58Z,az://./train_features/ejtt
ekec,Jimma,2020-05-31T08:07:58Z,az://./train_features/ekec
ekfq,Jimma,2020-05-31T08:07:58Z,az://./train_features/ekfq
elcf,Jimma,2020-05-31T08:07:58Z,az://./train_features/elcf
eldd,Jimma,2020-05-31T08:07:58Z,az://./train_features/eldd
eluy,Jimma,2020-05-31T08:07:58Z,az://./train_features/eluy
elzk,Jimma,2020-05-31T08:07:58Z,az://./train_features/elzk
emea,Jimma,2020-05-31T08:07:58Z,az://./train_features/emea
emey,Jimma,2020-05-31T08:07:58Z,az://./train_features/emey
emha,Jimma,2020-05-31T08:07:58Z,az://./train_features/emha
emrr,Jimma,2020-05-31T08:07:58Z,az://./train_features/emrr
emyv,Jimma,2020-05-31T08:07:58Z,az://./train_features/emyv
enhv,Jimma,2020-05-31T08:07:58Z,az://./train_features/enhv
enjh,Jimma,2020-05-31T08:07:58Z,az://./train_features/enjh
enlh,Jimma,2020-05-31T08:07:58Z,az://./train_features/enlh
eoce,Jimma,2020-05-31T08:07:58Z,az://./train_features/eoce
etpc,Cordoba,2020-09-11T14:21:46Z,az://./train_features/etpc
euhz,Cordoba,2020-09-11T14:21:46Z,az://./train_features/euhz
eumy,Cordoba,2020-09-11T14:21:46Z,az://./train_features/eumy
euqr,Cordoba,2020-09-11T14:21:46Z,az://./train_features/euqr
evpi,Cordoba,2020-09-11T14:21:46Z,az://./train_features/evpi
ewmt,Cordoba,2020-09-11T14:21:46Z,az://./train_features/ewmt
ewna,Cordoba,2020-09-11T14:21:46Z,az://./train_features/ewna
ewuz,Ethiopia,2020-09-12T08:39:12Z,az://./train_features/ewuz
ewva,Ethiopia,2020-09-12T08:39:12Z,az://./train_features/ewva
exbp,Ethiopia,2020-09-12T08:39:12Z,az://./train_features/exbp
exen,Vitoria,2020-09-02T12:57:49Z,az://./train_features/exen
exfh,Vitoria,2020-09-02T12:57:49Z,az://./train_features/exfh
exma,Vitoria,2020-09-02T12:57:49Z,az://./train_features/exma
exog,Vitoria,2020-09-02T12:57:49Z,az://./train_features/exog
exut,Vitoria,2020-09-02T12:57:49Z,az://./train_features/exut
eycl,Vitoria,2020-09-02T12:57:49Z,az://./train_features/eycl
eyms,Vitoria,2020-09-02T12:57:49Z,az://./train_features/eyms
eyqf,Vitoria,2020-09-02T12:57:49Z,az://./train_features/eyqf
ezco,Vitoria,2020-09-02T12:57:49Z,az://./train_features/ezco
ezgv,Vitoria,2020-09-02T12:57:49Z,az://./train_features/ezgv
eznz,Vitoria,2020-09-02T12:57:49Z,az://./train_features/eznz
ezvd,Vitoria,2020-09-02T12:57:49Z,az://./train_features/ezvd
fagl,Vitoria,2020-09-02T12:57:49Z,az://./train_features/fagl
fagp,Vitoria,2020-09-02T12:57:49Z,az://./train_features/fagp
fbax,Vitoria,2020-09-02T12:57:49Z,az://./train_features/fbax
fbcx,Vitoria,2020-09-02T12:57:49Z,az://./train_features/fbcx
flnb,Canary Islands,2020-09-02T11:53:46Z,az://./train_features/flnb
flnv,Canary Islands,2020-09-02T11:53:46Z,az://./train_features/flnv
flrz,Canary Islands,2020-09-02T11:53:46Z,az://./train_features/flrz
fmjx,Canary Islands,2020-09-02T11:53:46Z,az://./train_features/fmjx
fmnj,Canary Islands,2020-09-02T11:53:46Z,az://./train_features/fmnj
fmys,Canary Islands,2020-09-02T11:53:46Z,az://./train_features/fmys
fmzh,Canary Islands,2020-09-02T11:53:46Z,az://./train_features/fmzh
fngk,Canary Islands,2020-09-02T11:53:46Z,az://./train_features/fngk
fnla,Canary Islands,2020-09-02T11:53:46Z,az://./train_features/fnla
foae,Canary Islands,2020-09-02T11:53:46Z,az://./train_features/foae
fopj,Canary Islands,2020-09-02T11:53:46Z,az://./train_features/fopj
fosj,Canary Islands,2020-09-02T11:53:46Z,az://./train_features/fosj
gfwt,Alexander Bay,2020-09-05T08:58:43Z,az://./train_features/gfwt
ggjq,Alexander Bay,2020-09-05T08:58:43Z,az://./train_features/ggjq
ggtr,Alexander Bay,2020-09-05T08:58:43Z,az://./train_features/ggtr
ghay,Alexander Bay,2020-09-05T08:58:43Z,az://./train_features/ghay
ghkl,Alexander Bay,2020-09-05T08:58:43Z,az://./train_features/ghkl
giqk,Alexander Bay,2020-09-05T08:58:43Z,az://./train_features/giqk
gjho,Alexander Bay,2020-09-05T08:58:43Z,az://./train_features/gjho
gjji,Alexander Bay,2020-09-05T08:58:43Z,az://./train_features/gjji
gjlr,Alexander Bay,2020-09-05T08:58:43Z,az://./train_features/gjlr
gjtr,Alexander Bay,2020-09-05T08:58:43Z,az://./train_features/gjtr
gjvi,Alexander Bay,2020-09-05T08:58:43Z,az://./train_features/gjvi
gpuq,Bambesa,2020-08-11T08:49:31Z,az://./train_features/gpuq
gqmx,Bambesa,2020-08-11T08:49:31Z,az://./train_features/gqmx
gqtw,Bambesa,2020-08-11T08:49:31Z,az://./train_features/gqtw
grjf,Bambesa,2020-08-11T08:49:31Z,az://./train_features/grjf
grki,Bambesa,2020-08-11T08:49:31Z,az://./train_features/grki
gsby,Bambesa,2020-08-11T08:49:31Z,az://./train_features/gsby
gslr,Bambesa,2020-08-11T08:49:31Z,az://./train_features/gslr
gsme,Bambesa,2020-08-11T08:49:31Z,az://./train_features/gsme
gspj,Bambesa,2020-08-11T08:49:31Z,az://./train_features/gspj
gspm,Bambesa,2020-08-11T08:49:31Z,az://./train_features/gspm
gspv,Bambesa,2020-08-11T08:49:31Z,az://./train_features/gspv
gtnb,Bambesa,2020-08-11T08:49:31Z,az://./train_features/gtnb
gudw,Bambesa,2020-08-11T08:49:31Z,az://./train_features/gudw
guhm,Bambesa,2020-08-11T08:49:31Z,az://./train_features/guhm
hnza,South America - Brazil,2020-09-06T15:02:37Z,az://./train_features/hnza
hoat,South America - Brazil,2020-09-06T15:02:37Z,az://./train_features/hoat
hooc,South America - Brazil,2020-09-06T15:02:37Z,az://./train_features/hooc
hotz,South America - Brazil,2020-09-06T15:02:37Z,az://./train_features/hotz
hpfj,South America - Brazil,2020-09-06T15:02:37Z,az://./train_features/hpfj
hpjb,South America - Brazil,2020-09-06T15:02:37Z,az://./train_features/hpjb
hply,South America - Brazil,2020-09-06T15:02:37Z,az://./train_features/hply
hpob,South America - Brazil,2020-09-06T15:02:37Z,az://./train_features/hpob
hpwq,South America - Brazil,2020-09-06T15:02:37Z,az://./train_features/hpwq
hpww,South America - Brazil,2020-09-06T15:02:37Z,az://./train_features/hpww
hqla,South America - Brazil,2020-09-06T15:02:37Z,az://./train_features/hqla
hqrq,South America - Brazil,2020-09-06T15:02:37Z,az://./train_features/hqrq
hquc,South America - Brazil,2020-09-06T15:02:37Z,az://./train_features/hquc
hsae,South America - Brazil,2020-09-06T15:02:37Z,az://./train_features/hsae
hsnp,South America - Brazil,2020-09-06T15:02:37Z,az://./train_features/hsnp
htga,South America - Brazil,2020-09-06T15:02:37Z,az://./train_features/htga
htwd,South America - Brazil,2020-09-06T15:02:37Z,az://./train_features/htwd
huqw,South America - Brazil,2020-09-06T15:02:37Z,az://./train_features/huqw
hvsb,Adi Ramets,2020-09-03T08:06:14Z,az://./train_features/hvsb
hvty,Adi Ramets,2020-09-03T08:06:14Z,az://./train_features/hvty
hwdr,Adi Ramets,2020-09-03T08:06:14Z,az://./train_features/hwdr
hwhx,Adi Ramets,2020-09-03T08:06:14Z,az://./train_features/hwhx
hwur,Adi Ramets,2020-09-03T08:06:14Z,az://./train_features/hwur
hxjj,Eritrea,2020-09-03T08:05:42Z,az://./train_features/hxjj
hxlf,Eritrea,2020-09-03T08:05:42Z,az://./train_features/hxlf
hxzp,Eritrea,2020-09-03T08:05:42Z,az://./train_features/hxzp
hyei,Eritrea,2020-09-03T08:05:42Z,az://./train_features/hyei
hyfc,Eritrea,2020-09-03T08:05:42Z,az://./train_features/hyfc
hyyg,Eritrea,2020-09-03T08:05:42Z,az://./train_features/hyyg
hyzc,Eritrea,2020-09-03T08:05:42Z,az://./train_features/hyzc
hzbk,Eritrea,2020-09-03T08:05:42Z,az://./train_features/hzbk
hzgu,Eritrea,2020-09-03T08:05:42Z,az://./train_features/hzgu
iamf,Eritrea,2020-09-03T08:05:42Z,az://./train_features/iamf
iasg,Eritrea,2020-09-03T08:05:42Z,az://./train_features/iasg
iawh,Eritrea,2020-09-03T08:05:42Z,az://./train_features/iawh
ibjn,Eritrea,2020-09-03T08:05:42Z,az://./train_features/ibjn
ibub,Eritrea,2020-09-03T08:05:42Z,az://./train_features/ibub
ihva,Kimberley,2020-09-06T08:28:30Z,az://./train_features/ihva
iibg,Kimberley,2020-09-06T08:28:30Z,az://./train_features/iibg
iiff,Kimberley,2020-09-06T08:28:30Z,az://./train_features/iiff
iifz,Kimberley,2020-09-06T08:28:30Z,az://./train_features/iifz
iium,Kimberley,2020-09-06T08:28:30Z,az://./train_features/iium
iixh,Kimberley,2020-09-06T08:28:30Z,az://./train_features/iixh
ijak,Kimberley,2020-09-06T08:28:30Z,az://./train_features/ijak
ijji,Kimberley,2020-09-06T08:28:30Z,az://./train_features/ijji
ijoc,Kimberley,2020-09-06T08:28:30Z,az://./train_features/ijoc
ijtr,Kimberley,2020-09-06T08:28:30Z,az://./train_features/ijtr
ijxh,Kimberley,2020-09-06T08:28:30Z,az://./train_features/ijxh
ivss,Senanga,2019-12-17T08:44:40Z,az://./train_features/ivss
iwbl,Senanga,2019-12-17T08:44:40Z,az://./train_features/iwbl
iwhk,Senanga,2019-12-17T08:44:40Z,az://./train_features/iwhk
iwjb,Senanga,2019-12-17T08:44:40Z,az://./train_features/iwjb
iwtt,Senanga,2019-12-17T08:44:40Z,az://./train_features/iwtt
ixac,Senanga,2019-12-17T08:44:40Z,az://./train_features/ixac
ixhx,Senanga,2019-12-17T08:44:40Z,az://./train_features/ixhx
iyhw,Senanga,2019-12-17T08:44:40Z,az://./train_features/iyhw
iyjq,Senanga,2019-12-17T08:44:40Z,az://./train_features/iyjq
iypr,Senanga,2019-12-17T08:44:40Z,az://./train_features/iypr
izam,Senanga,2019-12-17T08:44:40Z,az://./train_features/izam
izmk,Senanga,2019-12-17T08:44:40Z,az://./train_features/izmk
izmu,Senanga,2019-12-17T08:44:40Z,az://./train_features/izmu
jabm,Senanga,2019-12-17T08:44:40Z,az://./train_features/jabm
jacz,Senanga,2019-12-17T08:44:40Z,az://./train_features/jacz
jajz,DRC,2020-09-12T08:39:12Z,az://./train_features/jajz
jamv,DRC,2020-09-12T08:39:12Z,az://./train_features/jamv
janr,DRC,2020-09-12T08:39:12Z,az://./train_features/janr
jbfm,Juba,2020-09-14T08:28:49Z,az://./train_features/jbfm
jbhz,Juba,2020-09-14T08:28:49Z,az://./train_features/jbhz
jbjd,Juba,2020-09-14T08:28:49Z,az://./train_features/jbjd
jbjx,Juba,2020-09-14T08:28:49Z,az://./train_features/jbjx
jbmk,Juba,2020-09-14T08:28:49Z,az://./train_features/jbmk
jcch,Juba,2020-09-14T08:28:49Z,az://./train_features/jcch
jcrm,Juba,2020-09-14T08:28:49Z,az://./train_features/jcrm
jdmz,Juba,2020-09-14T08:28:49Z,az://./train_features/jdmz
jeif,Juba,2020-09-14T08:28:49Z,az://./train_features/jeif
jepz,Juba,2020-09-14T08:28:49Z,az://./train_features/jepz
judp,Angkor Wat,2020-03-04T03:44:28Z,az://./train_features/judp
jukp,Australia - Central West,2020-09-02T02:06:04Z,az://./train_features/jukp
juzo,Australia - Central West,2020-09-02T02:06:04Z,az://./train_features/juzo
jven,Australia - Central West,2020-09-02T02:06:04Z,az://./train_features/jven
jvfk,Australia - Central West,2020-09-02T02:06:04Z,az://./train_features/jvfk
jvgl,Australia - Central West,2020-09-02T02:06:04Z,az://./train_features/jvgl
jvns,Australia - Central West,2020-09-02T02:06:04Z,az://./train_features/jvns
jxlp,Australia - Central West,2020-09-02T02:06:04Z,az://./train_features/jxlp
kgrz,Eswatini,2020-09-12T07:57:18Z,az://./train_features/kgrz
kgvd,Eswatini,2020-09-12T07:57:18Z,az://./train_features/kgvd
ksrg,Santa Cruz do Sul,2020-09-09T13:40:39Z,az://./train_features/ksrg
kswm,Santa Cruz do Sul,2020-09-09T13:40:39Z,az://./train_features/kswm
kten,Santa Cruz do Sul,2020-09-09T13:40:39Z,az://./train_features/kten
ktfk,Santa Cruz do Sul,2020-09-09T13:40:39Z,az://./train_features/ktfk
ktmf,Santa Cruz do Sul,2020-09-09T13:40:39Z,az://./train_features/ktmf
ktnj,Santa Cruz do Sul,2020-09-09T13:40:39Z,az://./train_features/ktnj
ktud,Santa Cruz do Sul,2020-09-09T13:40:39Z,az://./train_features/ktud
ktxv,Santa Cruz do Sul,2020-09-09T13:40:39Z,az://./train_features/ktxv
kubi,Santa Cruz do Sul,2020-09-09T13:40:39Z,az://./train_features/kubi
kuex,Santa Cruz do Sul,2020-09-09T13:40:39Z,az://./train_features/kuex
kuhd,Santa Cruz do Sul,2020-09-09T13:40:39Z,az://./train_features/kuhd
kujb,Santa Cruz do Sul,2020-09-09T13:40:39Z,az://./train_features/kujb
kurn,Santa Cruz do Sul,2020-09-09T13:40:39Z,az://./train_features/kurn
kutf,Santa Cruz do Sul,2020-09-09T13:40:39Z,az://./train_features/kutf
kuxw,Santa Cruz do Sul,2020-09-09T13:40:39Z,az://./train_features/kuxw
kvcm,Santa Cruz do Sul,2020-09-09T13:40:39Z,az://./train_features/kvcm
kwbb,Port Augusta,2020-08-22T00:56:23Z,az://./train_features/kwbb
kwgu,Port Augusta,2020-08-22T00:56:23Z,az://./train_features/kwgu
kwnm,Port Augusta,2020-08-22T00:56:23Z,az://./train_features/kwnm
kxbl,Port Augusta,2020-08-22T00:56:23Z,az://./train_features/kxbl
kxly,Port Augusta,2020-08-22T00:56:23Z,az://./train_features/kxly
kyki,Port Augusta,2020-08-22T00:56:23Z,az://./train_features/kyki
kyoh,Port Augusta,2020-08-22T00:56:23Z,az://./train_features/kyoh
kytz,Port Augusta,2020-08-22T00:56:23Z,az://./train_features/kytz
lack,Kalamie,2020-07-11T08:31:54Z,az://./train_features/lack
lagl,Kalamie,2020-07-11T08:31:54Z,az://./train_features/lagl
larm,Kalamie,2020-07-11T08:31:54Z,az://./train_features/larm
lasp,Kalamie,2020-07-11T08:31:54Z,az://./train_features/lasp
lbkf,Kalamie,2020-07-11T08:31:54Z,az://./train_features/lbkf
lbkh,Kalamie,2020-07-11T08:31:54Z,az://./train_features/lbkh
lbul,Kalamie,2020-07-11T08:31:54Z,az://./train_features/lbul
lckd,Kalamie,2020-07-11T08:31:54Z,az://./train_features/lckd
lcmi,Kalamie,2020-07-11T08:31:54Z,az://./train_features/lcmi
lcpj,Kalamie,2020-07-11T08:31:54Z,az://./train_features/lcpj
lcrt,Kalamie,2020-07-11T08:31:54Z,az://./train_features/lcrt
lctu,Kalamie,2020-07-11T08:31:54Z,az://./train_features/lctu
lddb,Kalamie,2020-07-11T08:31:54Z,az://./train_features/lddb
ldeb,Kalamie,2020-07-11T08:31:54Z,az://./train_features/ldeb
ldpd,Kalamie,2020-07-11T08:31:54Z,az://./train_features/ldpd
ldpq,Kalamie,2020-07-11T08:31:54Z,az://./train_features/ldpq
ldug,Kalamie,2020-07-11T08:31:54Z,az://./train_features/ldug
ldwb,Kalamie,2020-07-11T08:31:54Z,az://./train_features/ldwb
loal,Bunbury,2020-08-29T02:27:00Z,az://./train_features/loal
lonw,Bunbury,2020-08-29T02:27:00Z,az://./train_features/lonw
lopo,Bunbury,2020-08-29T02:27:00Z,az://./train_features/lopo
lorz,Bunbury,2020-08-29T02:27:00Z,az://./train_features/lorz
lovb,Bunbury,2020-08-29T02:27:00Z,az://./train_features/lovb
loxt,Bunbury,2020-08-29T02:27:00Z,az://./train_features/loxt
loys,Bunbury,2020-08-29T02:27:00Z,az://./train_features/loys
lqyp,Bunbury,2020-08-29T02:27:00Z,az://./train_features/lqyp
lqzb,Bunbury,2020-08-29T02:27:00Z,az://./train_features/lqzb
lrbq,Bunbury,2020-08-29T02:27:00Z,az://./train_features/lrbq
lrjg,Bunbury,2020-08-29T02:27:00Z,az://./train_features/lrjg
lrul,Bunbury,2020-08-29T02:27:00Z,az://./train_features/lrul
lryt,Rio Branco,2020-09-04T13:41:40Z,az://./train_features/lryt
lsrb,Rio Branco,2020-09-04T13:41:40Z,az://./train_features/lsrb
lstf,Rio Branco,2020-09-04T13:41:40Z,az://./train_features/lstf
ltnb,Rio Branco,2020-09-04T13:41:40Z,az://./train_features/ltnb
ltqr,Rio Branco,2020-09-04T13:41:40Z,az://./train_features/ltqr
ltvv,Rio Branco,2020-09-04T13:41:40Z,az://./train_features/ltvv
luhu,Rio Branco,2020-09-04T13:41:40Z,az://./train_features/luhu
lumq,Rio Branco,2020-09-04T13:41:40Z,az://./train_features/lumq
luvn,Rio Branco,2020-09-04T13:41:40Z,az://./train_features/luvn
luyf,Rio Branco,2020-09-04T13:41:40Z,az://./train_features/luyf
lvdy,Rio Branco,2020-09-04T13:41:40Z,az://./train_features/lvdy
lvrd,Rio Branco,2020-09-04T13:41:40Z,az://./train_features/lvrd
lvwd,Monongue,2020-03-30T09:14:36Z,az://./train_features/lvwd
lwmz,Monongue,2020-03-30T09:14:36Z,az://./train_features/lwmz
lxnm,Monongue,2020-03-30T09:14:36Z,az://./train_features/lxnm
lxnr,Monongue,2020-03-30T09:14:36Z,az://./train_features/lxnr
lxob,Monongue,2020-03-30T09:14:36Z,az://./train_features/lxob
lxov,Monongue,2020-03-30T09:14:36Z,az://./train_features/lxov
lxul,Monongue,2020-03-30T09:14:36Z,az://./train_features/lxul
lxun,Monongue,2020-03-30T09:14:36Z,az://./train_features/lxun
mabe,Monongue,2020-03-30T09:14:36Z,az://./train_features/mabe
mafc,Monongue,2020-03-30T09:14:36Z,az://./train_features/mafc
maqx,Monongue,2020-03-30T09:14:36Z,az://./train_features/maqx
mbfl,Riobamba,2020-09-08T15:43:40Z,az://./train_features/mbfl
mbsq,Riobamba,2020-09-08T15:43:40Z,az://./train_features/mbsq
mbtu,Riobamba,2020-09-08T15:43:40Z,az://./train_features/mbtu
mccj,Riobamba,2020-09-08T15:43:40Z,az://./train_features/mccj
mcqf,Riobamba,2020-09-08T15:43:40Z,az://./train_features/mcqf
mcwm,Riobamba,2020-09-08T15:43:40Z,az://./train_features/mcwm
mdfc,Riobamba,2020-09-08T15:43:40Z,az://./train_features/mdfc
mdxr,Riobamba,2020-09-08T15:43:40Z,az://./train_features/mdxr
melx,Riobamba,2020-09-08T15:43:40Z,az://./train_features/melx
mepu,Riobamba,2020-09-08T15:43:40Z,az://./train_features/mepu
mfgf,Riobamba,2020-09-08T15:43:40Z,az://./train_features/mfgf
mgdr,Riobamba,2020-09-08T15:43:40Z,az://./train_features/mgdr
mnvi,Rustenburg,2020-07-28T08:27:26Z,az://./train_features/mnvi
mnxu,Rustenburg,2020-07-28T08:27:26Z,az://./train_features/mnxu
mnze,Rustenburg,2020-07-28T08:27:26Z,az://./train_features/mnze
mofn,Rustenburg,2020-07-28T08:27:26Z,az://./train_features/mofn
mojs,Rustenburg,2020-07-28T08:27:26Z,az://./train_features/mojs
moqf,Rustenburg,2020-07-28T08:27:26Z,az://./train_features/moqf
moxv,Rustenburg,2020-07-28T08:27:26Z,az://./train_features/moxv
mped,Rustenburg,2020-07-28T08:27:26Z,az://./train_features/mped
mpes,Rustenburg,2020-07-28T08:27:26Z,az://./train_features/mpes
mpqq,Rustenburg,2020-07-28T08:27:26Z,az://./train_features/mpqq
mqnj,Rustenburg,2020-07-28T08:27:26Z,az://./train_features/mqnj
mqom,Rustenburg,2020-07-28T08:27:26Z,az://./train_features/mqom
mrdg,Rustenburg,2020-07-28T08:27:26Z,az://./train_features/mrdg
msqx,Kolwezi,2020-04-30T08:43:07Z,az://./train_features/msqx
mtuv,Kolwezi,2020-04-30T08:43:07Z,az://./train_features/mtuv
mtwv,Kolwezi,2020-04-30T08:43:07Z,az://./train_features/mtwv
mtxe,Kolwezi,2020-04-30T08:43:07Z,az://./train_features/mtxe
mutu,Kolwezi,2020-04-30T08:43:07Z,az://./train_features/mutu
muvc,Kolwezi,2020-04-30T08:43:07Z,az://./train_features/muvc
mvdi,Kolwezi,2020-04-30T08:43:07Z,az://./train_features/mvdi
mvmt,Kolwezi,2020-04-30T08:43:07Z,az://./train_features/mvmt
mvrt,Kolwezi,2020-04-30T08:43:07Z,az://./train_features/mvrt
mvsw,Kolwezi,2020-04-30T08:43:07Z,az://./train_features/mvsw
mvuk,Kolwezi,2020-04-30T08:43:07Z,az://./train_features/mvuk
mwfg,Kolwezi,2020-04-30T08:43:07Z,az://./train_features/mwfg
mwrx,Macapa,2020-09-10T13:52:40Z,az://./train_features/mwrx
mwsl,Macapa,2020-09-10T13:52:40Z,az://./train_features/mwsl
mwyc,Macapa,2020-09-10T13:52:40Z,az://./train_features/mwyc
mxdx,Macapa,2020-09-10T13:52:40Z,az://./train_features/mxdx
myio,Macapa,2020-09-10T13:52:40Z,az://./train_features/myio
mykp,Macapa,2020-09-10T13:52:40Z,az://./train_features/mykp
mzcq,Macapa,2020-09-10T13:52:40Z,az://./train_features/mzcq
mzet,Macapa,2020-09-10T13:52:40Z,az://./train_features/mzet
nbep,Macapa,2020-09-10T13:52:40Z,az://./train_features/nbep
nbke,Macapa,2020-09-10T13:52:40Z,az://./train_features/nbke
nblw,Macapa,2020-09-10T13:52:40Z,az://./train_features/nblw
nbnx,Macapa,2020-09-10T13:52:40Z,az://./train_features/nbnx
nccb,Pibor,2020-08-17T08:18:22Z,az://./train_features/nccb
ncma,Pibor,2020-08-17T08:18:22Z,az://./train_features/ncma
ndkl,Pibor,2020-08-17T08:18:22Z,az://./train_features/ndkl
ndmy,Pibor,2020-08-17T08:18:22Z,az://./train_features/ndmy
neda,Pibor,2020-08-17T08:18:22Z,az://./train_features/neda
neee,Pibor,2020-08-17T08:18:22Z,az://./train_features/neee
nfli,Pibor,2020-08-17T08:18:22Z,az://./train_features/nfli
nftk,Pibor,2020-08-17T08:18:22Z,az://./train_features/nftk
ngai,Pibor,2020-08-17T08:18:22Z,az://./train_features/ngai
ngsw,Pibor,2020-08-17T08:18:22Z,az://./train_features/ngsw
nguh,Pibor,2020-08-17T08:18:22Z,az://./train_features/nguh
ngxq,Pibor,2020-08-17T08:18:22Z,az://./train_features/ngxq
nhab,Pibor,2020-08-17T08:18:22Z,az://./train_features/nhab
nhde,Pibor,2020-08-17T08:18:22Z,az://./train_features/nhde
nhfl,Pibor,2020-08-17T08:18:22Z,az://./train_features/nhfl
nitt,South America - Peru,2020-06-17T15:35:43Z,az://./train_features/nitt
njbl,South America - Peru,2020-06-17T15:35:43Z,az://./train_features/njbl
njom,South America - Peru,2020-06-17T15:35:43Z,az://./train_features/njom
njvv,South America - Peru,2020-06-17T15:35:43Z,az://./train_features/njvv
nkcn,South America - Peru,2020-06-17T15:35:43Z,az://./train_features/nkcn
nkmd,South America - Peru,2020-06-17T15:35:43Z,az://./train_features/nkmd
nkxv,South America - Peru,2020-06-17T15:35:43Z,az://./train_features/nkxv
nkxx,South America - Peru,2020-06-17T15:35:43Z,az://./train_features/nkxx
nlhe,South America - Peru,2020-06-17T15:35:43Z,az://./train_features/nlhe
nlkg,South America - Peru,2020-06-17T15:35:43Z,az://./train_features/nlkg
nlsk,South America - Peru,2020-06-17T15:35:43Z,az://./train_features/nlsk
nlvq,South America - Peru,2020-06-17T15:35:43Z,az://./train_features/nlvq
nmsd,South America - Peru,2020-06-17T15:35:43Z,az://./train_features/nmsd
nnah,South America - Peru,2020-06-17T15:35:43Z,az://./train_features/nnah
nnfm,South America - Peru,2020-06-17T15:35:43Z,az://./train_features/nnfm
nnmu,South America - Peru,2020-06-17T15:35:43Z,az://./train_features/nnmu
nzkw,Manaus,2020-09-12T14:33:37Z,az://./train_features/nzkw
nzph,Manaus,2020-09-12T14:33:37Z,az://./train_features/nzph
nzzy,Manaus,2020-09-12T14:33:37Z,az://./train_features/nzzy
oavj,Manaus,2020-09-12T14:33:37Z,az://./train_features/oavj
obav,Manaus,2020-09-12T14:33:37Z,az://./train_features/obav
obbt,Manaus,2020-09-12T14:33:37Z,az://./train_features/obbt
obee,Manaus,2020-09-12T14:33:37Z,az://./train_features/obee
objy,Manaus,2020-09-12T14:33:37Z,az://./train_features/objy
obtq,Manaus,2020-09-12T14:33:37Z,az://./train_features/obtq
occq,Manaus,2020-09-12T14:33:37Z,az://./train_features/occq
ocdq,Manaus,2020-09-12T14:33:37Z,az://./train_features/ocdq
oclg,Manaus,2020-09-12T14:33:37Z,az://./train_features/oclg
ocrc,Manaus,2020-09-12T14:33:37Z,az://./train_features/ocrc
ocxx,Manaus,2020-09-12T14:33:37Z,az://./train_features/ocxx
ocyx,Manaus,2020-09-12T14:33:37Z,az://./train_features/ocyx
odch,Manaus,2020-09-12T14:33:37Z,az://./train_features/odch
oddc,Manaus,2020-09-12T14:33:37Z,az://./train_features/oddc
oddq,Manaus,2020-09-12T14:33:37Z,az://./train_features/oddq
odfe,Manaus,2020-09-12T14:33:37Z,az://./train_features/odfe
odmx,Manaus,2020-09-12T14:33:37Z,az://./train_features/odmx
ohka,Timbuktu,2020-03-08T10:56:28Z,az://./train_features/ohka
pbql,Lodwar,2020-09-08T08:09:15Z,az://./train_features/pbql
pchb,Lodwar,2020-09-08T08:09:15Z,az://./train_features/pchb
pdck,Lodwar,2020-09-08T08:09:15Z,az://./train_features/pdck
pdkk,Lodwar,2020-09-08T08:09:15Z,az://./train_features/pdkk
pdov,Lodwar,2020-09-08T08:09:15Z,az://./train_features/pdov
peal,Lodwar,2020-09-08T08:09:15Z,az://./train_features/peal
peap,Lodwar,2020-09-08T08:09:15Z,az://./train_features/peap
penu,Lodwar,2020-09-08T08:09:15Z,az://./train_features/penu
pfss,Lodwar,2020-09-08T08:09:15Z,az://./train_features/pfss
pftz,Lodwar,2020-09-08T08:09:15Z,az://./train_features/pftz
pfxm,Lodwar,2020-09-08T08:09:15Z,az://./train_features/pfxm
phad,Canary Islands,2020-05-15T11:53:46Z,az://./train_features/phad
phio,Canary Islands,2020-05-15T11:53:46Z,az://./train_features/phio
phlf,Canary Islands,2020-05-15T11:53:46Z,az://./train_features/phlf
phlj,Canary Islands,2020-05-15T11:53:46Z,az://./train_features/phlj
phwn,Canary Islands,2020-05-15T11:53:46Z,az://./train_features/phwn
phwr,Canary Islands,2020-05-15T11:53:46Z,az://./train_features/phwr
phzz,Canary Islands,2020-05-15T11:53:46Z,az://./train_features/phzz
piem,Canary Islands,2020-05-15T11:53:46Z,az://./train_features/piem
pieq,Canary Islands,2020-05-15T11:53:46Z,az://./train_features/pieq
pigf,Canary Islands,2020-05-15T11:53:46Z,az://./train_features/pigf
pinj,Canary Islands,2020-05-15T11:53:46Z,az://./train_features/pinj
pjix,Canary Islands,2020-05-15T11:53:46Z,az://./train_features/pjix
pjul,Canary Islands,2020-05-15T11:53:46Z,az://./train_features/pjul
pjvf,Canary Islands,2020-05-15T11:53:46Z,az://./train_features/pjvf
pjzd,Canary Islands,2020-05-15T11:53:46Z,az://./train_features/pjzd
pljq,Angola,2020-08-29T09:04:00Z,az://./train_features/pljq
plqe,Angola,2020-08-29T09:04:00Z,az://./train_features/plqe
qamo,Paraguay,2020-09-03T14:09:18Z,az://./train_features/qamo
qapb,Paraguay,2020-09-03T14:09:18Z,az://./train_features/qapb
qico,Cabo Verdo,2018-11-08T12:17:04Z,az://./train_features/qico
qivt,Cabo Verdo,2018-11-08T12:17:04Z,az://./train_features/qivt
qiyd,Cabo Verdo,2018-11-08T12:17:04Z,az://./train_features/qiyd
qjaa,Cabo Verdo,2018-11-08T12:17:04Z,az://./train_features/qjaa
qjdu,Cabo Verdo,2018-11-08T12:17:04Z,az://./train_features/qjdu
qjgk,Cabo Verdo,2018-11-08T12:17:04Z,az://./train_features/qjgk
qjhh,Cabo Verdo,2018-11-08T12:17:04Z,az://./train_features/qjhh
qjmq,Cabo Verdo,2018-11-08T12:17:04Z,az://./train_features/qjmq
qjsc,Cabo Verdo,2018-11-08T12:17:04Z,az://./train_features/qjsc
qjsj,Cabo Verdo,2018-11-08T12:17:04Z,az://./train_features/qjsj
qjuo,Cabo Verdo,2018-11-08T12:17:04Z,az://./train_features/qjuo
qkav,Cabo Verdo,2018-11-08T12:17:04Z,az://./train_features/qkav
qkpy,Cabo Verdo,2018-11-08T12:17:04Z,az://./train_features/qkpy
qksd,Cabo Verdo,2018-11-08T12:17:04Z,az://./train_features/qksd
qkui,Cabo Verdo,2018-11-08T12:17:04Z,az://./train_features/qkui
qkuk,Cabo Verdo,2018-11-08T12:17:04Z,az://./train_features/qkuk
qlgf,Cabo Verdo,2018-11-08T12:17:04Z,az://./train_features/qlgf
qlik,Cabo Verdo,2018-11-08T12:17:04Z,az://./train_features/qlik
qlmw,Cabo Verdo,2018-11-08T12:17:04Z,az://./train_features/qlmw
qpfl,Ethiopia,2018-10-14T07:49:49Z,az://./train_features/qpfl
qpnl,Ethiopia,2018-10-14T07:49:49Z,az://./train_features/qpnl
qqbe,Ethiopia,2018-10-14T07:49:49Z,az://./train_features/qqbe
qqcn,Ethiopia,2018-10-14T07:49:49Z,az://./train_features/qqcn
qqkg,Ethiopia,2018-10-14T07:49:49Z,az://./train_features/qqkg
qqnx,Ethiopia,2018-10-14T07:49:49Z,az://./train_features/qqnx
qqps,Ethiopia,2018-10-14T07:49:49Z,az://./train_features/qqps
qqrx,Ethiopia,2018-10-14T07:49:49Z,az://./train_features/qqrx
qqwa,Ethiopia,2018-10-14T07:49:49Z,az://./train_features/qqwa
qran,Ethiopia,2018-10-14T07:49:49Z,az://./train_features/qran
qrjo,Ethiopia,2018-10-14T07:49:49Z,az://./train_features/qrjo
qrrb,Ethiopia,2018-10-14T07:49:49Z,az://./train_features/qrrb
qsfw,Ethiopia,2018-10-14T07:49:49Z,az://./train_features/qsfw
qsva,Ethiopia,2018-10-14T07:49:49Z,az://./train_features/qsva
qtad,Ethiopia,2018-10-14T07:49:49Z,az://./train_features/qtad
qtaj,Ethiopia,2018-10-14T07:49:49Z,az://./train_features/qtaj
qxxy,Lusaka,2020-08-22T08:24:41Z,az://./train_features/qxxy
qyer,Lusaka,2020-08-22T08:24:41Z,az://./train_features/qyer
qyqq,Lusaka,2020-08-22T08:24:41Z,az://./train_features/qyqq
qziq,Lusaka,2020-08-22T08:24:41Z,az://./train_features/qziq
qzvu,Lusaka,2020-08-22T08:24:41Z,az://./train_features/qzvu
rarg,Lusaka,2020-08-22T08:24:41Z,az://./train_features/rarg
ratz,Lusaka,2020-08-22T08:24:41Z,az://./train_features/ratz
rbdy,Lusaka,2020-08-22T08:24:41Z,az://./train_features/rbdy
rbwa,Lusaka,2020-08-22T08:24:41Z,az://./train_features/rbwa
rbxm,Lusaka,2020-08-22T08:24:41Z,az://./train_features/rbxm
rcbj,Lusaka,2020-08-22T08:24:41Z,az://./train_features/rcbj
rccg,Lusaka,2020-08-22T08:24:41Z,az://./train_features/rccg
rjtz,Gabon,2020-03-14T09:40:46Z,az://./train_features/rjtz
rjvt,Gabon,2020-03-14T09:40:46Z,az://./train_features/rjvt
rjwk,Gabon,2020-03-14T09:40:46Z,az://./train_features/rjwk
rqig,Malabo,2020-09-06T10:00:03Z,az://./train_features/rqig
rqjs,Malabo,2020-09-06T10:00:03Z,az://./train_features/rqjs
rqnd,Malabo,2020-09-06T10:00:03Z,az://./train_features/rqnd
rqro,Malabo,2020-09-06T10:00:03Z,az://./train_features/rqro
rrbm,Malabo,2020-09-06T10:00:03Z,az://./train_features/rrbm
rrfq,Malabo,2020-09-06T10:00:03Z,az://./train_features/rrfq
rrgz,Malabo,2020-09-06T10:00:03Z,az://./train_features/rrgz
rrsn,Malabo,2020-09-06T10:00:03Z,az://./train_features/rrsn
rrwa,Malabo,2020-09-06T10:00:03Z,az://./train_features/rrwa
rsdm,Malabo,2020-09-06T10:00:03Z,az://./train_features/rsdm
rsqi,Malabo,2020-09-06T10:00:03Z,az://./train_features/rsqi
rsqw,Malabo,2020-09-06T10:00:03Z,az://./train_features/rsqw
rsuh,Malabo,2020-09-06T10:00:03Z,az://./train_features/rsuh
rtfn,Malabo,2020-09-06T10:00:03Z,az://./train_features/rtfn
rtji,Malabo,2020-09-06T10:00:03Z,az://./train_features/rtji
rtky,Malabo,2020-09-06T10:00:03Z,az://./train_features/rtky
rtwk,Malabo,2020-09-06T10:00:03Z,az://./train_features/rtwk
rtxq,Malabo,2020-09-06T10:00:03Z,az://./train_features/rtxq
rugm,Malabo,2020-09-06T10:00:03Z,az://./train_features/rugm
rulx,Malabo,2020-09-06T10:00:03Z,az://./train_features/rulx
rveh,Malabo,2020-09-06T10:00:03Z,az://./train_features/rveh
rvpo,South America - Argentina,2020-07-27T14:08:06Z,az://./train_features/rvpo
rvss,South America - Argentina,2020-07-27T14:08:06Z,az://./train_features/rvss
rwnx,South America - Argentina,2020-07-27T14:08:06Z,az://./train_features/rwnx
rxjr,Ghana,2019-02-16T10:39:11Z,az://./train_features/rxjr
rxts,Ghana,2019-02-16T10:39:11Z,az://./train_features/rxts
rxuh,Ghana,2019-02-16T10:39:11Z,az://./train_features/rxuh
ryoy,Ghana,2019-02-16T10:39:11Z,az://./train_features/ryoy
rysy,Ghana,2019-02-16T10:39:11Z,az://./train_features/rysy
rzeg,Ghana,2019-02-16T10:39:11Z,az://./train_features/rzeg
sahe,Ghana,2019-02-16T10:39:11Z,az://./train_features/sahe
saue,Ghana,2019-02-16T10:39:11Z,az://./train_features/saue
savn,Ghana,2019-02-16T10:39:11Z,az://./train_features/savn
savt,Ghana,2019-02-16T10:39:11Z,az://./train_features/savt
sbdv,Ghana,2019-02-16T10:39:11Z,az://./train_features/sbdv
sbic,Ghana,2019-02-16T10:39:11Z,az://./train_features/sbic
sblu,Ghana,2019-02-16T10:39:11Z,az://./train_features/sblu
shbi,San Lorenzo,2020-09-03T15:42:56Z,az://./train_features/shbi
shrc,San Lorenzo,2020-09-03T15:42:56Z,az://./train_features/shrc
shrj,San Lorenzo,2020-09-03T15:42:56Z,az://./train_features/shrj
shvz,San Lorenzo,2020-09-03T15:42:56Z,az://./train_features/shvz
siev,San Lorenzo,2020-09-03T15:42:56Z,az://./train_features/siev
siiu,San Lorenzo,2020-09-03T15:42:56Z,az://./train_features/siiu
sjjm,San Lorenzo,2020-09-03T15:42:56Z,az://./train_features/sjjm
sjku,San Lorenzo,2020-09-03T15:42:56Z,az://./train_features/sjku
sjll,San Lorenzo,2020-09-03T15:42:56Z,az://./train_features/sjll
sjvy,San Lorenzo,2020-09-03T15:42:56Z,az://./train_features/sjvy
sjzg,San Lorenzo,2020-09-03T15:42:56Z,az://./train_features/sjzg
sknn,San Lorenzo,2020-09-03T15:42:56Z,az://./train_features/sknn
skvd,San Lorenzo,2020-09-03T15:42:56Z,az://./train_features/skvd
skxr,San Lorenzo,2020-09-03T15:42:56Z,az://./train_features/skxr
slgd,San Lorenzo,2020-09-03T15:42:56Z,az://./train_features/slgd
slhl,San Lorenzo,2020-09-03T15:42:56Z,az://./train_features/slhl
slux,San Lorenzo,2020-09-03T15:42:56Z,az://./train_features/slux
smlv,San Lorenzo,2020-09-03T15:42:56Z,az://./train_features/smlv
snhu,Santa Cruz de la Sierra,2020-09-02T14:37:29Z,az://./train_features/snhu
snla,Santa Cruz de la Sierra,2020-09-02T14:37:29Z,az://./train_features/snla
snsl,Santa Cruz de la Sierra,2020-09-02T14:37:29Z,az://./train_features/snsl
snzg,Santa Cruz de la Sierra,2020-09-02T14:37:29Z,az://./train_features/snzg
sogf,Santa Cruz de la Sierra,2020-09-02T14:37:29Z,az://./train_features/sogf
sohp,Santa Cruz de la Sierra,2020-09-02T14:37:29Z,az://./train_features/sohp
soxc,Santa Cruz de la Sierra,2020-09-02T14:37:29Z,az://./train_features/soxc
soxi,Santa Cruz de la Sierra,2020-09-02T14:37:29Z,az://./train_features/soxi
soyi,Santa Cruz de la Sierra,2020-09-02T14:37:29Z,az://./train_features/soyi
spik,Santa Cruz de la Sierra,2020-09-02T14:37:29Z,az://./train_features/spik
spup,Santa Cruz de la Sierra,2020-09-02T14:37:29Z,az://./train_features/spup
srnx,South America - Suriname,2020-06-03T14:11:18Z,az://./train_features/srnx
srte,South America - Suriname,2020-06-03T14:11:18Z,az://./train_features/srte
ssfc,South America - Suriname,2020-06-03T14:11:18Z,az://./train_features/ssfc
sspf,South America - Suriname,2020-06-03T14:11:18Z,az://./train_features/sspf
sssj,South America - Suriname,2020-06-03T14:11:18Z,az://./train_features/sssj
stnj,South America - Suriname,2020-06-03T14:11:18Z,az://./train_features/stnj
sukh,South America - Suriname,2020-06-03T14:11:18Z,az://./train_features/sukh
sulh,South America - Suriname,2020-06-03T14:11:18Z,az://./train_features/sulh
suls,South America - Suriname,2020-06-03T14:11:18Z,az://./train_features/suls
sumb,South America - Suriname,2020-06-03T14:11:18Z,az://./train_features/sumb
supl,South America - Suriname,2020-06-03T14:11:18Z,az://./train_features/supl
suqk,South America - Suriname,2020-06-03T14:11:18Z,az://./train_features/suqk
susw,South America - Suriname,2020-06-03T14:11:18Z,az://./train_features/susw
suzd,South America - Suriname,2020-06-03T14:11:18Z,az://./train_features/suzd
svxi,South America - Suriname,2020-06-03T14:11:18Z,az://./train_features/svxi
swjj,South America - Suriname,2020-06-03T14:11:18Z,az://./train_features/swjj
swwq,Timbuktu,2019-09-20T10:56:32Z,az://./train_features/swwq
sxej,Timbuktu,2019-09-20T10:56:32Z,az://./train_features/sxej
sxin,Timbuktu,2019-09-20T10:56:32Z,az://./train_features/sxin
sycs,Timbuktu,2019-09-20T10:56:32Z,az://./train_features/sycs
syek,Timbuktu,2019-09-20T10:56:32Z,az://./train_features/syek
sylo,Timbuktu,2019-09-20T10:56:32Z,az://./train_features/sylo
syxk,Timbuktu,2019-09-20T10:56:32Z,az://./train_features/syxk
szrn,Timbuktu,2019-09-20T10:56:32Z,az://./train_features/szrn
szsw,Timbuktu,2019-09-20T10:56:32Z,az://./train_features/szsw
tbeb,Timbuktu,2019-09-20T10:56:32Z,az://./train_features/tbeb
tbiy,Timbuktu,2019-09-20T10:56:32Z,az://./train_features/tbiy
tbnv,Malawi,2020-07-22T08:03:47Z,az://./train_features/tbnv
tbux,Malawi,2020-07-22T08:03:47Z,az://./train_features/tbux
tfsl,Australia - North West,2020-07-12T01:20:39Z,az://./train_features/tfsl
tgin,Australia - North West,2020-07-12T01:20:39Z,az://./train_features/tgin
tgso,Australia - North West,2020-07-12T01:20:39Z,az://./train_features/tgso
thac,Australia - North West,2020-07-12T01:20:39Z,az://./train_features/thac
thkf,Australia - North West,2020-07-12T01:20:39Z,az://./train_features/thkf
thwn,Australia - North West,2020-07-12T01:20:39Z,az://./train_features/thwn
thwr,Australia - North West,2020-07-12T01:20:39Z,az://./train_features/thwr
tiif,Australia - North West,2020-07-12T01:20:39Z,az://./train_features/tiif
tild,Australia - North West,2020-07-12T01:20:39Z,az://./train_features/tild
tilt,Australia - North West,2020-07-12T01:20:39Z,az://./train_features/tilt
tiwo,Australia - North West,2020-07-12T01:20:39Z,az://./train_features/tiwo
tjgl,Australia - North West,2020-07-12T01:20:39Z,az://./train_features/tjgl
tkay,Australia - North West,2020-07-12T01:20:39Z,az://./train_features/tkay
uqxv,Bambesa,2020-09-10T08:49:30Z,az://./train_features/uqxv
uqyb,Bambesa,2020-09-10T08:49:30Z,az://./train_features/uqyb
uraf,Bambesa,2020-09-10T08:49:30Z,az://./train_features/uraf
urzm,Bambesa,2020-09-10T08:49:30Z,az://./train_features/urzm
usiq,Bambesa,2020-09-10T08:49:30Z,az://./train_features/usiq
uspp,Bambesa,2020-09-10T08:49:30Z,az://./train_features/uspp
usqm,Bambesa,2020-09-10T08:49:30Z,az://./train_features/usqm
utsw,Bambesa,2020-09-10T08:49:30Z,az://./train_features/utsw
utwc,Bambesa,2020-09-10T08:49:30Z,az://./train_features/utwc
vamn,Nairobi,2020-04-03T08:00:21Z,az://./train_features/vamn
vate,Nairobi,2020-04-03T08:00:21Z,az://./train_features/vate
vbem,Nairobi,2020-04-03T08:00:21Z,az://./train_features/vbem
vbgc,Nairobi,2020-04-03T08:00:21Z,az://./train_features/vbgc
vccz,Nairobi,2020-04-03T08:00:21Z,az://./train_features/vccz
vcgw,Nairobi,2020-04-03T08:00:21Z,az://./train_features/vcgw
vchq,Nairobi,2020-04-03T08:00:21Z,az://./train_features/vchq
vckv,Nairobi,2020-04-03T08:00:21Z,az://./train_features/vckv
vcqb,Nairobi,2020-04-03T08:00:21Z,az://./train_features/vcqb
vcsp,Nairobi,2020-04-03T08:00:21Z,az://./train_features/vcsp
vcxr,Nairobi,2020-04-03T08:00:21Z,az://./train_features/vcxr
vcyc,Nairobi,2020-04-03T08:00:21Z,az://./train_features/vcyc
vcyd,Nairobi,2020-04-03T08:00:21Z,az://./train_features/vcyd
vdmd,Nairobi,2020-04-03T08:00:21Z,az://./train_features/vdmd
vede,Nairobi,2020-04-03T08:00:21Z,az://./train_features/vede
veex,Nairobi,2020-04-03T08:00:21Z,az://./train_features/veex
vgch,San Sabastian de La Gomera,2020-08-23T11:53:50Z,az://./train_features/vgch
vgdr,San Sabastian de La Gomera,2020-08-23T11:53:50Z,az://./train_features/vgdr
vgre,San Sabastian de La Gomera,2020-08-23T11:53:50Z,az://./train_features/vgre
vgzx,San Sabastian de La Gomera,2020-08-23T11:53:50Z,az://./train_features/vgzx
vhgq,San Sabastian de La Gomera,2020-08-23T11:53:50Z,az://./train_features/vhgq
vhho,San Sabastian de La Gomera,2020-08-23T11:53:50Z,az://./train_features/vhho
vhkj,San Sabastian de La Gomera,2020-08-23T11:53:50Z,az://./train_features/vhkj
vhzs,San Sabastian de La Gomera,2020-08-23T11:53:50Z,az://./train_features/vhzs
vijt,San Sabastian de La Gomera,2020-08-23T11:53:50Z,az://./train_features/vijt
vjdu,San Sabastian de La Gomera,2020-08-23T11:53:50Z,az://./train_features/vjdu
vpji,Madagascar,2020-09-12T07:03:53Z,az://./train_features/vpji
vpwi,Madagascar,2020-09-12T07:03:53Z,az://./train_features/vpwi
vpwq,Madagascar,2020-09-12T07:03:53Z,az://./train_features/vpwq
vqeu,Madagascar,2020-09-12T07:03:53Z,az://./train_features/vqeu
vqvn,Madagascar,2020-09-12T07:03:53Z,az://./train_features/vqvn
vrag,Madagascar,2020-09-12T07:03:53Z,az://./train_features/vrag
vrak,Madagascar,2020-09-12T07:03:53Z,az://./train_features/vrak
vrbw,Madagascar,2020-09-12T07:03:53Z,az://./train_features/vrbw
vrcw,Madagascar,2020-09-12T07:03:53Z,az://./train_features/vrcw
vrxw,Madagascar,2020-09-12T07:03:53Z,az://./train_features/vrxw
vryy,Madagascar,2020-09-12T07:03:53Z,az://./train_features/vryy
vska,Madagascar,2020-09-12T07:03:53Z,az://./train_features/vska
vslz,Madagascar,2020-09-12T07:03:53Z,az://./train_features/vslz
vsox,Madagascar,2020-09-12T07:03:53Z,az://./train_features/vsox
vsuv,Madagascar,2020-09-12T07:03:53Z,az://./train_features/vsuv
vsvv,Madagascar,2020-09-12T07:03:53Z,az://./train_features/vsvv
vtce,Madagascar,2020-09-12T07:03:53Z,az://./train_features/vtce
vtec,Madagascar,2020-09-12T07:03:53Z,az://./train_features/vtec
vtfi,Madagascar,2020-09-12T07:03:53Z,az://./train_features/vtfi
vuya,Beira,2020-09-12T07:55:45Z,az://./train_features/vuya
vuyt,Beira,2020-09-12T07:55:45Z,az://./train_features/vuyt
vvkk,Beira,2020-09-12T07:55:45Z,az://./train_features/vvkk
vvko,Beira,2020-09-12T07:55:45Z,az://./train_features/vvko
vvmc,Beira,2020-09-12T07:55:45Z,az://./train_features/vvmc
vvmr,Beira,2020-09-12T07:55:45Z,az://./train_features/vvmr
vwbp,Beira,2020-09-12T07:55:45Z,az://./train_features/vwbp
vwdi,Beira,2020-09-12T07:55:45Z,az://./train_features/vwdi
vwdn,Beira,2020-09-12T07:55:45Z,az://./train_features/vwdn
vwkg,Beira,2020-09-12T07:55:45Z,az://./train_features/vwkg
vwsg,Beira,2020-09-12T07:55:45Z,az://./train_features/vwsg
vxre,Beira,2020-09-12T07:55:45Z,az://./train_features/vxre
vxrm,Beira,2020-09-12T07:55:45Z,az://./train_features/vxrm
vygv,Beira,2020-09-12T07:55:45Z,az://./train_features/vygv
vyou,Beira,2020-09-12T07:55:45Z,az://./train_features/vyou
vyst,Beira,2020-09-12T07:55:45Z,az://./train_features/vyst
vyuc,Beira,2020-09-12T07:55:45Z,az://./train_features/vyuc
vzac,Beira,2020-09-12T07:55:45Z,az://./train_features/vzac
vzft,Beira,2020-09-12T07:55:45Z,az://./train_features/vzft
vzkv,Beira,2020-09-12T07:55:45Z,az://./train_features/vzkv
vzts,Uganda,2019-04-25T08:29:37Z,az://./train_features/vzts
wagm,Uganda,2019-04-25T08:29:37Z,az://./train_features/wagm
wagu,Uganda,2019-04-25T08:29:37Z,az://./train_features/wagu
wahm,Uganda,2019-04-25T08:29:37Z,az://./train_features/wahm
wamb,Uganda,2019-04-25T08:29:37Z,az://./train_features/wamb
wari,Uganda,2019-04-25T08:29:37Z,az://./train_features/wari
wass,Uganda,2019-04-25T08:29:37Z,az://./train_features/wass
wbkr,Uganda,2019-04-25T08:29:37Z,az://./train_features/wbkr
wbtz,Uganda,2019-04-25T08:29:37Z,az://./train_features/wbtz
wdgl,Uganda,2019-04-25T08:29:37Z,az://./train_features/wdgl
wdhj,Uganda,2019-04-25T08:29:37Z,az://./train_features/wdhj
wdzg,Uganda,2019-04-25T08:29:37Z,az://./train_features/wdzg
webe,Uganda,2019-04-25T08:29:37Z,az://./train_features/webe
weot,Uganda,2019-04-25T08:29:37Z,az://./train_features/weot
wflb,Uganda,2019-04-25T08:29:37Z,az://./train_features/wflb
wgei,Uganda,2019-04-25T08:29:37Z,az://./train_features/wgei
wgmi,Port Gentil,2020-09-08T09:50:58Z,az://./train_features/wgmi
wgsf,Port Gentil,2020-09-08T09:50:58Z,az://./train_features/wgsf
whgq,Port Gentil,2020-09-08T09:50:58Z,az://./train_features/whgq
whjf,Port Gentil,2020-09-08T09:50:58Z,az://./train_features/whjf
wich,Port Gentil,2020-09-08T09:50:58Z,az://./train_features/wich
wjbi,Port Gentil,2020-09-08T09:50:58Z,az://./train_features/wjbi
wjqm,Port Gentil,2020-09-08T09:50:58Z,az://./train_features/wjqm
wken,Port Gentil,2020-09-08T09:50:58Z,az://./train_features/wken
wkrh,Port Gentil,2020-09-08T09:50:58Z,az://./train_features/wkrh
wksd,Port Gentil,2020-09-08T09:50:58Z,az://./train_features/wksd
wlmh,Port Gentil,2020-09-08T09:50:58Z,az://./train_features/wlmh
wlnp,Port Gentil,2020-09-08T09:50:58Z,az://./train_features/wlnp
wlns,Port Gentil,2020-09-08T09:50:58Z,az://./train_features/wlns
wloa,Port Gentil,2020-09-08T09:50:58Z,az://./train_features/wloa
wltt,Port Gentil,2020-09-08T09:50:58Z,az://./train_features/wltt
wlvl,Port Gentil,2020-09-08T09:50:58Z,az://./train_features/wlvl
wmdo,Port Gentil,2020-09-08T09:50:58Z,az://./train_features/wmdo
wmey,Port Gentil,2020-09-08T09:50:58Z,az://./train_features/wmey
wmfv,Port Gentil,2020-09-08T09:50:58Z,az://./train_features/wmfv
wndm,Port Gentil,2020-09-08T09:50:58Z,az://./train_features/wndm
wtdv,Mahajanga,2020-03-04T07:14:04Z,az://./train_features/wtdv
wtld,Mahajanga,2020-03-04T07:14:04Z,az://./train_features/wtld
wtxc,Mahajanga,2020-03-04T07:14:04Z,az://./train_features/wtxc
wutx,Mahajanga,2020-03-04T07:14:04Z,az://./train_features/wutx
wvon,Mahajanga,2020-03-04T07:14:04Z,az://./train_features/wvon
wvpu,Mahajanga,2020-03-04T07:14:04Z,az://./train_features/wvpu
wvzh,Mahajanga,2020-03-04T07:14:04Z,az://./train_features/wvzh
wwyd,Mahajanga,2020-03-04T07:14:04Z,az://./train_features/wwyd
wxbc,Mahajanga,2020-03-04T07:14:04Z,az://./train_features/wxbc
wxed,Mahajanga,2020-03-04T07:14:04Z,az://./train_features/wxed
wxir,Bor,2020-09-14T08:28:34Z,az://./train_features/wxir
wxtk,Bor,2020-09-14T08:28:34Z,az://./train_features/wxtk
wxxx,Bor,2020-09-14T08:28:34Z,az://./train_features/wxxx
wypb,Bor,2020-09-14T08:28:34Z,az://./train_features/wypb
wyrj,Bor,2020-09-14T08:28:34Z,az://./train_features/wyrj
wyst,Bor,2020-09-14T08:28:34Z,az://./train_features/wyst
wzff,Bor,2020-09-14T08:28:34Z,az://./train_features/wzff
wzlo,Bor,2020-09-14T08:28:34Z,az://./train_features/wzlo
wzrx,Bor,2020-09-14T08:28:34Z,az://./train_features/wzrx
xadl,Bor,2020-09-14T08:28:34Z,az://./train_features/xadl
xaji,Bor,2020-09-14T08:28:34Z,az://./train_features/xaji
xakp,Bor,2020-09-14T08:28:34Z,az://./train_features/xakp
xawf,Bor,2020-09-14T08:28:34Z,az://./train_features/xawf
xawi,Bor,2020-09-14T08:28:34Z,az://./train_features/xawi
xayx,Bor,2020-09-14T08:28:34Z,az://./train_features/xayx
xbeu,Bor,2020-09-14T08:28:34Z,az://./train_features/xbeu
xboo,Bor,2020-09-14T08:28:34Z,az://./train_features/xboo
xcmk,Georgetown,2020-09-12T14:30:48Z,az://./train_features/xcmk
xdbr,Georgetown,2020-09-12T14:30:48Z,az://./train_features/xdbr
xdcm,Georgetown,2020-09-12T14:30:48Z,az://./train_features/xdcm
xdha,Georgetown,2020-09-12T14:30:48Z,az://./train_features/xdha
xdus,Georgetown,2020-09-12T14:30:48Z,az://./train_features/xdus
xfio,Georgetown,2020-09-12T14:30:48Z,az://./train_features/xfio
xfnn,Georgetown,2020-09-12T14:30:48Z,az://./train_features/xfnn
xggy,Georgetown,2020-09-12T14:30:48Z,az://./train_features/xggy
xgoj,Georgetown,2020-09-12T14:30:48Z,az://./train_features/xgoj
xjqe,Isiro,2020-08-28T08:39:29Z,az://./train_features/xjqe
xjzw,Isiro,2020-08-28T08:39:29Z,az://./train_features/xjzw
xkbv,Isiro,2020-08-28T08:39:29Z,az://./train_features/xkbv
xkwk,Isiro,2020-08-28T08:39:29Z,az://./train_features/xkwk
xlki,Isiro,2020-08-28T08:39:29Z,az://./train_features/xlki
xmxa,Isiro,2020-08-28T08:39:29Z,az://./train_features/xmxa
xmzb,Isiro,2020-08-28T08:39:29Z,az://./train_features/xmzb
xnsp,Isiro,2020-08-28T08:39:29Z,az://./train_features/xnsp
xnva,Isiro,2020-08-28T08:39:29Z,az://./train_features/xnva
xnwh,Isiro,2020-08-28T08:39:29Z,az://./train_features/xnwh
xpmg,Isiro,2020-08-28T08:39:29Z,az://./train_features/xpmg
xpwu,Isiro,2020-08-28T08:39:29Z,az://./train_features/xpwu
xqnx,Malemba Nkulu,2020-09-07T08:42:26Z,az://./train_features/xqnx
xqpg,Malemba Nkulu,2020-09-07T08:42:26Z,az://./train_features/xqpg
xqwo,Malemba Nkulu,2020-09-07T08:42:26Z,az://./train_features/xqwo
xrjs,Malemba Nkulu,2020-09-07T08:42:26Z,az://./train_features/xrjs
xruk,Malemba Nkulu,2020-09-07T08:42:26Z,az://./train_features/xruk
xsai,Malemba Nkulu,2020-09-07T08:42:26Z,az://./train_features/xsai
xsdg,Malemba Nkulu,2020-09-07T08:42:26Z,az://./train_features/xsdg
xsja,Malemba Nkulu,2020-09-07T08:42:26Z,az://./train_features/xsja
xsjg,Malemba Nkulu,2020-09-07T08:42:26Z,az://./train_features/xsjg
xswa,Malemba Nkulu,2020-09-07T08:42:26Z,az://./train_features/xswa
xuax,Malemba Nkulu,2020-09-07T08:42:26Z,az://./train_features/xuax
xufe,Malemba Nkulu,2020-09-07T08:42:26Z,az://./train_features/xufe
xutb,Malemba Nkulu,2020-09-07T08:42:26Z,az://./train_features/xutb
xvlj,Malemba Nkulu,2020-09-07T08:42:26Z,az://./train_features/xvlj
xyyy,Australia - Central,2020-08-11T01:24:00Z,az://./train_features/xyyy
xzos,Australia - Central,2020-08-11T01:24:00Z,az://./train_features/xzos
yafz,Australia - Central,2020-08-11T01:24:00Z,az://./train_features/yafz
yakf,Australia - Central,2020-08-11T01:24:00Z,az://./train_features/yakf
yavd,Australia - Central,2020-08-11T01:24:00Z,az://./train_features/yavd
ybwf,Australia - Central,2020-08-11T01:24:00Z,az://./train_features/ybwf
ycjr,Australia - Central,2020-08-11T01:24:00Z,az://./train_features/ycjr
ycon,Australia - Central,2020-08-11T01:24:00Z,az://./train_features/ycon
ycss,Australia - Central,2020-08-11T01:24:00Z,az://./train_features/ycss
yctb,Australia - Central,2020-08-11T01:24:00Z,az://./train_features/yctb
ydsr,Australia - Central,2020-08-11T01:24:00Z,az://./train_features/ydsr
yeea,Australia - Central,2020-08-11T01:24:00Z,az://./train_features/yeea
yekp,Australia - Central,2020-08-11T01:24:00Z,az://./train_features/yekp
yemn,Australia - Central,2020-08-11T01:24:00Z,az://./train_features/yemn
yese,Australia - Central,2020-08-11T01:24:00Z,az://./train_features/yese
yeyb,Australia - Central,2020-08-11T01:24:00Z,az://./train_features/yeyb
yfiq,Australia - Central,2020-08-11T01:24:00Z,az://./train_features/yfiq
yfjc,Tunis,2020-09-12T10:10:46Z,az://./train_features/yfjc
yfmg,Tunis,2020-09-12T10:10:46Z,az://./train_features/yfmg
yfoz,Tunis,2020-09-12T10:10:46Z,az://./train_features/yfoz
ygan,Tunis,2020-09-12T10:10:46Z,az://./train_features/ygan
ygbj,Tunis,2020-09-12T10:10:46Z,az://./train_features/ygbj
ygia,Tunis,2020-09-12T10:10:46Z,az://./train_features/ygia
ygsh,Tunis,2020-09-12T10:10:46Z,az://./train_features/ygsh
yhio,Tunis,2020-09-12T10:10:46Z,az://./train_features/yhio
yhky,Tunis,2020-09-12T10:10:46Z,az://./train_features/yhky
yhpd,Tunis,2020-09-12T10:10:46Z,az://./train_features/yhpd
yhza,Tunis,2020-09-12T10:10:46Z,az://./train_features/yhza
yidc,Tunis,2020-09-12T10:10:46Z,az://./train_features/yidc
yikl,Tunis,2020-09-12T10:10:46Z,az://./train_features/yikl
yiok,Tunis,2020-09-12T10:10:46Z,az://./train_features/yiok
yjmo,Kenya,2020-08-11T07:59:58Z,az://./train_features/yjmo
ykjr,Harare,2020-06-15T08:15:09Z,az://./train_features/ykjr
ykpi,Harare,2020-06-15T08:15:09Z,az://./train_features/ykpi
ylla,Harare,2020-06-15T08:15:09Z,az://./train_features/ylla
ylvw,Harare,2020-06-15T08:15:09Z,az://./train_features/ylvw
ymer,Harare,2020-06-15T08:15:09Z,az://./train_features/ymer
ymhu,Harare,2020-06-15T08:15:09Z,az://./train_features/ymhu
ymim,Harare,2020-06-15T08:15:09Z,az://./train_features/ymim
yned,Harare,2020-06-15T08:15:09Z,az://./train_features/yned
ynoa,Harare,2020-06-15T08:15:09Z,az://./train_features/ynoa
yoeh,Harare,2020-06-15T08:15:09Z,az://./train_features/yoeh
yrwr,Asmara nort,2020-09-08T08:05:40Z,az://./train_features/yrwr
ysas,Asmara nort,2020-09-08T08:05:40Z,az://./train_features/ysas
yski,Asmara nort,2020-09-08T08:05:40Z,az://./train_features/yski
ystu,Asmara nort,2020-09-08T08:05:40Z,az://./train_features/ystu
ytgh,Asmara nort,2020-09-08T08:05:40Z,az://./train_features/ytgh
ytjy,Asmara nort,2020-09-08T08:05:40Z,az://./train_features/ytjy
yuwq,Asmara nort,2020-09-08T08:05:40Z,az://./train_features/yuwq
yvcw,Asmara nort,2020-09-08T08:05:40Z,az://./train_features/yvcw
yvpv,Santa Fe,2020-08-29T14:11:05Z,az://./train_features/yvpv
yvrs,Santa Fe,2020-08-29T14:11:05Z,az://./train_features/yvrs
yvuk,Santa Fe,2020-08-29T14:11:05Z,az://./train_features/yvuk
yvvp,Santa Fe,2020-08-29T14:11:05Z,az://./train_features/yvvp
yvwr,Santa Fe,2020-08-29T14:11:05Z,az://./train_features/yvwr
yvxj,Santa Fe,2020-08-29T14:11:05Z,az://./train_features/yvxj
ywfj,Santa Fe,2020-08-29T14:11:05Z,az://./train_features/ywfj
ywjq,Santa Fe,2020-08-29T14:11:05Z,az://./train_features/ywjq
ywtf,Santa Fe,2020-08-29T14:11:05Z,az://./train_features/ywtf
ywyh,Santa Fe,2020-08-29T14:11:05Z,az://./train_features/ywyh
yxdw,Santa Fe,2020-08-29T14:11:05Z,az://./train_features/yxdw
yxgj,Santa Fe,2020-08-29T14:11:05Z,az://./train_features/yxgj
yxoi,Santa Fe,2020-08-29T14:11:05Z,az://./train_features/yxoi
yydi,Santa Fe,2020-08-29T14:11:05Z,az://./train_features/yydi
yyka,Santa Fe,2020-08-29T14:11:05Z,az://./train_features/yyka
yyta,Santa Fe,2020-08-29T14:11:05Z,az://./train_features/yyta
yzca,Santa Fe,2020-08-29T14:11:05Z,az://./train_features/yzca
yzch,Santa Fe,2020-08-29T14:11:05Z,az://./train_features/yzch
yzlp,Ecuador,2020-09-10T15:33:46Z,az://./train_features/yzlp
yzyc,Lusaka,2020-04-19T08:24:38Z,az://./train_features/yzyc
zadp,Lusaka,2020-04-19T08:24:38Z,az://./train_features/zadp
zavb,Lusaka,2020-04-19T08:24:38Z,az://./train_features/zavb
zaxe,Lusaka,2020-04-19T08:24:38Z,az://./train_features/zaxe
zbsz,Lusaka,2020-04-19T08:24:38Z,az://./train_features/zbsz
zbtp,Lusaka,2020-04-19T08:24:38Z,az://./train_features/zbtp
zcgy,Lusaka,2020-04-19T08:24:38Z,az://./train_features/zcgy
zckv,Lusaka,2020-04-19T08:24:38Z,az://./train_features/zckv
zcmj,Lusaka,2020-04-19T08:24:38Z,az://./train_features/zcmj
zczf,Lusaka,2020-04-19T08:24:38Z,az://./train_features/zczf
zdmp,Lusaka,2020-04-19T08:24:38Z,az://./train_features/zdmp
zdyz,Lusaka,2020-04-19T08:24:38Z,az://./train_features/zdyz
zecm,Lusaka,2020-04-19T08:24:38Z,az://./train_features/zecm
zeew,Lusaka,2020-04-19T08:24:38Z,az://./train_features/zeew
zell,Lusaka,2020-04-19T08:24:38Z,az://./train_features/zell
zvjz,Launceston,2020-09-06T00:08:20Z,az://./train_features/zvjz
zvuh,Launceston,2020-09-06T00:08:20Z,az://./train_features/zvuh
zwdz,Launceston,2020-09-06T00:08:20Z,az://./train_features/zwdz
zwfw,Launceston,2020-09-06T00:08:20Z,az://./train_features/zwfw
zwna,Launceston,2020-09-06T00:08:20Z,az://./train_features/zwna
zwnm,Launceston,2020-09-06T00:08:20Z,az://./train_features/zwnm
zxcb,Launceston,2020-09-06T00:08:20Z,az://./train_features/zxcb
zxid,Launceston,2020-09-06T00:08:20Z,az://./train_features/zxid
zxsj,Launceston,2020-09-06T00:08:20Z,az://./train_features/zxsj
